Accession,FPKM_x,FPKM_y,FPKM_x,FPKM_y,FPKM_x,FPKM_y,FPKM_x,FPKM_y,FPKM
XM_006903855.2,7.52,0.01,7.26,10.05,0.01,0.01,12.47,10.81,0.01
XM_006903856.2,4.22,0.01,0.01,0.01,0.01,0.01,0.01,0.01,0.01
XM_006904030.2,6.75,0.01,0.01,0.01,1.69,0.01,0.01,14.21,14.78
XM_006904037.2,1.78,18.37,11.7,0.01,5.41,0.01,0.01,0.01,7.76
XM_006904039.2,0.73,0.01,14.59,0.01,0.01,0.01,0.01,0.01,0.01
XM_006904043.2,2.05,229.29,1.65,0.01,0.01,0.01,0.01,0.01,0.01
XM_006904047.2,0.01,20.17,0.01,0.01,0.01,0.01,12.6,0.01,0.01
XM_006904049.2,0.01,0.01,0.01,0.01,0.01,0.01,1.17,0.76,1.7
XM_006904162.2,10.9,41.89,0.01,0.01,5.94,0.01,0.01,0.01,16.94
XM_006904178.2,15.6,0.01,0.01,11.73,2.49,0.01,3.47,0.01,0.01
XM_006906618.1,0.79,0.01,0.01,0.01,0.01,0.01,0.01,0.01,0.01
XM_006906620.2,8.53,0.01,0.01,0.01,0.01,0.01,0.01,0.01,0.01
XM_006906621.2,2.77,9.35,0.01,0.01,0.01,0.01,0.01,0.01,0.01
XM_006906628.2,12.91,0.01,0.01,0.01,0.01,0.01,0.01,0.01,0.01
XM_006906635.2,10.6,0.01,0.01,0.01,0.01,0.01,0.01,0.01,0.01
XM_006906641.2,74.0,0.01,0.01,0.01,0.01,0.01,0.01,0.01,0.01
XM_006906645.2,42.39,5.33,2.69,0.01,0.01,0.01,0.01,0.01,0.01
XM_006906652.2,4.58,0.01,0.01,0.01,0.01,0.01,0.01,0.01,0.01
XM_006906653.2,95.59,0.01,0.01,0.01,0.01,0.01,0.01,0.01,0.01
XM_006906656.2,18.6,0.01,0.01,0.01,0.01,0.01,0.01,0.01,0.01
XM_006906657.2,5.2,0.01,0.01,0.01,0.01,0.01,0.01,0.01,0.01
XM_006906666.2,0.66,0.01,0.01,0.01,0.01,0.01,0.01,0.01,0.01
XM_006906670.2,0.01,0.01,0.01,0.01,0.01,0.01,0.01,0.01,0.01
XM_006906678.2,2.44,1.49,1.18,0.01,0.01,0.01,0.01,0.01,0.01
XM_006906684.2,0.6,3.5,0.01,0.01,0.01,0.01,0.01,0.01,0.01
XM_006906692.2,0.97,0.01,0.01,0.01,0.01,0.01,0.01,0.01,0.01
XM_006906695.2,21.72,0.01,0.01,0.01,0.01,0.01,0.01,0.01,0.01
XM_006906697.2,4.93,0.01,0.01,0.01,0.01,0.01,0.01,0.01,4.35
XM_006906698.2,4.15,0.01,0.01,0.01,0.01,0.01,0.01,0.01,4.8
XM_006906703.2,15.64,0.01,0.01,0.01,0.01,0.01,0.01,0.01,1.19
XM_006906713.2,0.01,0.01,0.01,0.01,0.01,0.01,0.01,0.01,1.11
XM_006906714.2,0.01,0.01,0.01,0.01,0.01,0.01,0.01,0.01,0.63
XM_006906716.2,16.87,0.01,0.01,0.01,0.01,0.01,0.01,0.01,4.8
XM_006906720.2,23.84,24.52,0.01,0.01,0.01,0.01,0.01,0.01,4.96
XM_006906723.2,23.41,32.86,0.01,0.01,0.01,0.01,0.01,0.01,31.79
XM_006906727.2,5.42,12.58,0.01,0.01,0.01,0.01,0.01,0.01,1.36
XM_006906729.2,28.68,0.01,0.01,0.01,0.01,0.01,0.01,0.01,60.43
XM_006906732.2,11.29,6.0,0.01,0.01,0.01,0.01,0.01,0.01,10.41
XM_006906736.2,8.15,0.01,0.01,0.01,0.01,0.01,0.01,0.01,14.09
XM_006906739.2,5.61,0.01,0.01,0.01,0.01,0.01,0.01,0.01,1.22
XM_006906741.2,0.01,0.01,0.01,0.01,0.01,0.01,0.01,0.01,13.05
XM_006906742.2,5.0,0.01,0.01,0.01,0.01,0.01,0.01,0.01,0.01
XM_006906760.2,9.93,3.66,7.1,0.01,0.01,0.01,0.01,0.01,0.01
XM_006906764.2,306.99,14.64,0.01,0.01,0.01,0.01,0.01,0.01,0.01
XM_006906791.1,3.27,0.01,4.91,0.01,0.01,0.01,0.01,0.01,1.54
XM_006906804.1,7.51,0.01,0.01,0.01,7.37,0.01,0.01,0.01,1.29
XM_006906807.2,4.94,0.01,0.01,0.01,0.01,0.01,0.01,0.01,0.01
XM_006906809.2,3.08,0.01,0.01,0.01,7.63,0.01,0.01,0.01,3.08
XM_006906810.2,0.01,0.01,0.01,0.01,0.01,0.01,0.01,0.01,12.71
XM_006906811.2,0.01,0.01,0.01,0.01,2.06,0.01,0.01,0.01,2.33
XM_006906813.2,10.28,0.01,0.01,0.01,13.1,0.01,0.01,0.01,12.44
XM_006906815.2,2.48,0.01,0.01,0.01,3.45,0.01,0.01,0.01,3.88
XM_006906817.2,2.99,0.01,0.01,0.01,9.73,0.01,0.01,0.01,5.55
XM_006906818.2,0.76,0.01,0.01,0.01,0.01,0.01,0.01,0.01,3.19
XM_006906821.2,22.48,0.01,0.01,0.01,0.01,0.01,0.01,0.01,1.47
XM_006906827.2,10.65,0.01,0.01,0.01,4.35,0.01,0.01,0.01,0.42
XM_006906836.2,12.66,0.01,0.01,0.01,6.87,0.01,0.01,0.01,0.11
XM_006906837.2,1.17,0.01,0.01,0.01,2.05,0.01,0.01,0.01,0.01
XM_006906842.2,94.0,0.01,0.01,0.01,2.04,0.01,0.01,0.01,89.04
XM_006906848.2,3.45,0.01,0.01,0.01,4.68,0.01,0.01,0.01,2.42
XM_006906855.2,0.01,0.01,0.01,0.01,30.38,0.01,0.01,0.01,1.09
XM_006906858.2,13.44,0.01,0.01,0.01,13.85,0.01,0.01,0.01,8.84
XM_006906861.2,10.18,0.01,0.01,0.01,5.14,0.01,0.01,0.01,0.01
XM_006906862.2,0.01,0.01,0.01,0.01,16.17,0.01,0.01,0.01,16.3
XM_006906863.2,0.59,0.01,0.01,0.01,11.72,0.01,0.01,0.01,0.01
XM_006906864.2,0.49,0.01,0.01,0.01,3.62,0.01,0.01,0.01,0.64
XM_006906865.2,12.82,0.01,0.01,0.01,13.93,0.01,0.01,0.01,0.01
XM_006906868.2,5.49,0.01,0.01,0.01,2.98,0.01,0.01,0.01,4.81
XM_006906870.2,3.04,0.01,0.01,0.01,13.57,0.01,0.01,0.01,0.01
XM_006906872.2,0.01,0.01,0.01,0.01,4.46,0.01,0.01,0.01,7.0
XM_006906879.2,1.12,0.01,0.01,0.01,1.18,0.01,0.01,0.01,0.01
XM_006906884.2,0.88,0.01,0.01,0.01,1.6,0.01,0.51,0.01,1.4
XM_006906886.2,12.3,0.01,0.01,0.01,7.91,0.01,12.89,0.01,17.74
XM_006906887.2,0.01,0.01,0.01,0.01,12.85,0.01,1.26,0.01,10.51
XM_006906889.2,8.44,0.01,0.01,0.01,0.01,0.01,0.01,0.01,0.01
XM_006906890.1,0.01,0.01,0.01,0.01,1.15,0.01,0.01,0.01,0.64
XM_006906893.2,48.2,0.01,0.01,0.01,109.67,0.01,56.61,0.01,63.92
XM_006906894.2,3.7,0.01,0.01,0.01,0.41,0.01,18.02,0.01,19.98
XM_006906896.2,0.01,0.01,0.01,0.01,22.86,0.01,14.09,0.01,0.01
XM_006906897.2,76.03,0.01,0.01,0.01,84.57,0.01,105.45,0.01,0.01
XM_006906900.2,0.01,0.01,0.01,0.01,1.63,0.01,1.07,0.01,1.66
XM_006906901.2,12.19,0.01,0.01,0.01,0.33,0.01,1.23,0.01,10.03
XM_006906902.2,3.56,0.01,0.01,0.01,4.11,0.01,1.42,0.01,0.01
XM_006906904.2,61.25,0.01,0.01,0.01,99.07,0.01,65.0,0.01,63.42
XM_006906905.1,4.51,0.01,0.01,0.01,1.67,0.01,1.7,0.01,0.91
XM_006906911.2,2.24,0.01,0.01,0.01,13.89,0.01,0.01,0.01,11.5
XM_006906913.2,5.52,0.01,0.01,0.01,0.01,0.01,6.97,0.01,14.97
XM_006906914.2,10.1,0.01,0.01,0.01,53.25,0.01,68.03,0.01,12.44
XM_006906937.2,95.27,0.01,0.01,0.01,86.61,0.01,92.63,0.01,99.92
XM_006906938.2,1.78,0.01,0.01,0.01,0.01,0.01,1.14,1.49,11.98
XM_006906939.2,0.01,0.01,0.01,0.01,7.65,0.01,0.01,0.01,0.01
XM_006906940.2,23.9,0.01,0.01,1.83,2.8,0.01,24.27,0.6,28.23
XM_006906941.2,0.01,0.01,0.01,0.01,1.52,0.01,3.55,0.01,2.79
XM_006906944.2,13.59,0.01,0.01,1.13,0.01,0.01,11.02,0.68,1.21
XM_006906945.2,3.09,0.01,0.01,0.01,0.01,0.01,1.23,0.01,4.5
XM_006906947.2,10.26,0.01,0.01,0.01,0.42,0.01,0.85,0.01,0.9
XM_006906950.2,2.72,0.01,0.01,1.32,0.01,0.01,2.1,47.41,0.01
XM_006906951.2,2.14,0.01,0.01,2.97,0.01,0.01,4.13,0.01,6.22
XM_006906952.2,3.13,0.01,0.01,3.68,6.57,0.01,10.73,5.22,4.25
XM_006906955.2,0.01,0.01,0.01,0.01,0.01,0.01,0.01,0.01,0.01
XM_006906956.2,10.46,0.01,0.01,199.13,208.34,0.01,193.5,168.62,1.53
XM_006906957.2,1.71,0.01,0.01,10.8,6.63,0.01,0.7,7.69,2.29
XM_006906958.2,0.01,0.01,0.01,0.01,11.41,0.01,1.22,0.01,0.01
XM_006906963.2,4.08,0.01,0.01,5.42,4.2,0.01,5.14,0.01,5.05
XM_006906966.2,45.66,0.01,0.01,45.63,44.46,0.01,46.4,40.76,48.18
XM_006906967.2,11.9,0.01,0.01,14.54,4.17,0.01,13.28,13.78,14.54
XM_006906971.2,0.01,0.01,0.01,0.01,10.27,0.01,15.54,0.01,0.01
XM_006906975.2,28.34,0.01,0.01,30.35,0.01,0.01,1.54,31.23,0.01
XM_006906976.2,2.34,0.01,0.01,4.71,0.01,0.01,0.01,0.01,2.01
XM_006906977.2,2.81,0.01,0.01,0.01,0.01,0.01,0.01,0.01,4.32
XM_006906978.2,0.01,0.01,0.01,0.01,3.34,0.01,0.01,1.59,1.24
XM_006906981.2,0.01,0.01,0.01,0.01,0.01,0.01,10.5,0.01,0.01
XM_006906982.2,0.01,0.01,0.01,0.01,20.05,0.01,0.91,0.01,19.98
XM_006906983.2,12.55,0.01,0.01,0.01,0.01,0.01,0.01,4.87,12.68
XM_006906984.2,12.69,0.01,0.01,0.01,17.9,0.01,20.25,4.15,10.82
XM_006906985.2,50.76,0.01,0.01,0.01,54.65,0.01,52.59,0.01,48.06
XM_006906987.2,3.18,0.01,0.01,0.01,3.61,0.01,3.55,0.01,2.09
XM_006906988.2,0.01,0.01,0.01,11.96,12.91,0.01,10.86,0.01,18.88
XM_006906989.2,11.12,0.01,0.01,0.82,13.56,0.01,11.88,0.01,11.12
XM_006906997.2,1.08,0.01,0.01,0.01,10.4,0.01,1.6,1.88,0.92
XM_006906998.2,0.01,0.01,0.01,7.99,0.01,0.01,0.01,3.26,0.01
XM_006906999.2,14.17,0.01,0.01,0.01,1.48,0.01,16.15,0.01,0.01
XM_006907000.2,0.52,0.01,0.01,1.04,3.28,0.01,1.54,1.72,25.89
XM_006907001.2,10.5,0.01,0.01,9.43,10.87,0.01,9.95,11.28,10.49
XM_006907004.2,23.44,0.01,0.01,0.01,22.86,0.01,23.19,0.01,33.9
XM_006907005.2,0.01,0.01,0.01,0.01,0.01,0.01,21.39,21.94,20.87
XM_006907008.2,23.05,0.01,0.01,0.91,20.49,0.01,22.41,1.71,20.98
XM_006907010.2,5.21,0.01,0.01,0.01,0.01,0.01,4.65,0.01,3.07
XM_006907016.2,10.17,0.01,0.01,2.49,3.02,0.01,7.73,5.58,0.01
XM_006907019.2,1.29,0.01,0.01,0.01,0.01,0.01,0.01,0.01,0.01
XM_006907020.1,12.7,0.01,0.01,0.01,0.01,0.01,0.01,0.01,1.66
XM_006907021.2,18.57,0.01,0.01,0.01,14.22,0.01,0.01,0.01,3.05
XM_006907022.2,10.3,0.01,0.01,0.01,0.01,0.01,4.9,0.01,0.01
XM_006907024.2,25.44,0.01,0.01,0.01,20.14,0.01,19.27,0.01,12.15
XM_006907025.2,4.85,0.01,0.01,0.01,2.57,0.01,0.01,0.01,0.01
XM_006907028.2,0.01,0.01,0.01,3.05,0.01,0.01,0.01,0.01,12.33
XM_006907029.2,10.58,0.01,0.01,10.75,18.72,0.01,15.25,1.88,21.82
XM_006907030.2,12.33,0.01,0.01,12.04,4.45,0.01,2.37,0.01,0.01
XM_006907031.2,7.54,0.01,0.01,0.01,0.73,0.01,0.01,0.01,2.27
XM_006907032.2,7.39,0.01,0.01,0.01,0.01,0.01,0.01,0.01,8.57
XM_006907033.2,72.44,0.01,0.01,68.23,66.82,0.01,70.89,63.13,69.19
XM_006907040.2,0.32,0.01,0.01,7.8,0.01,0.01,0.01,6.17,1.32
XM_006907042.1,3.7,0.01,0.01,0.98,3.25,0.01,2.82,3.09,3.51
XM_006907046.2,0.01,0.01,0.01,8.08,9.23,0.01,10.59,0.01,0.01
XM_006907056.2,0.01,0.01,0.01,0.01,0.01,0.01,0.01,0.01,0.01
XM_006908171.2,11.32,0.01,0.01,0.01,10.0,0.01,0.01,0.01,8.97
XM_006927110.2,323.84,0.01,0.01,0.01,0.01,0.01,0.01,0.01,21.59
XM_015585355.1,12.15,6.0,0.01,0.01,0.01,0.01,0.01,0.01,0.01
XM_015585362.1,7.82,6.14,0.01,0.01,0.01,0.01,0.01,0.01,0.01
XM_015585363.1,4.42,0.11,0.01,0.01,0.01,0.01,0.01,0.01,10.22
XM_015585373.1,41.43,3.77,0.01,0.01,0.01,0.01,0.01,0.01,0.01
XM_015585376.1,0.01,2.02,3.57,0.01,0.01,0.01,0.01,0.01,0.01
XM_015585378.1,0.01,0.01,0.01,0.01,0.01,0.01,0.01,0.01,0.01
XM_015585387.1,1.27,2.68,0.01,0.01,0.01,0.01,0.01,0.01,1.7
XM_015585390.1,2.18,0.01,0.73,0.01,0.01,0.01,0.01,0.01,0.01
XM_015585398.1,0.78,0.01,6.66,0.01,0.01,0.01,0.01,0.01,3.03
XM_015585399.1,5.03,1.71,7.71,0.01,0.01,0.01,0.01,0.01,2.39
XM_015585403.1,10.23,0.01,0.01,0.01,0.01,0.01,0.01,0.01,0.01
XM_015585404.1,1.69,0.01,0.01,0.01,0.01,0.01,0.01,0.01,0.01
XM_015585412.1,0.01,2.55,0.01,0.01,0.01,0.01,0.01,0.01,0.01
XM_015585424.1,15.27,0.01,0.01,0.01,0.01,0.01,0.01,0.01,0.01
XM_015585425.1,0.01,0.01,0.01,0.01,0.01,0.01,0.01,0.01,0.01
XM_015585426.1,0.01,0.01,0.01,0.01,0.01,0.01,0.01,0.01,0.01
XM_015585431.1,27.8,0.01,0.01,0.01,0.01,0.01,0.01,0.01,0.01
XM_015585433.1,0.01,0.01,0.01,0.01,0.01,0.01,0.01,0.01,3.25
XM_015585434.1,0.01,0.01,0.01,0.01,0.01,0.01,0.01,0.01,1.15
XM_015585436.1,1.16,0.01,0.01,0.01,0.01,0.01,0.01,0.01,0.01
XM_015585437.1,2.18,0.5,2.22,0.01,0.01,0.01,0.01,0.01,0.01
XM_015585439.1,13.15,3.98,0.01,0.01,0.01,0.01,0.01,0.01,0.01
XM_015585441.1,6.02,0.01,0.01,0.01,0.01,0.01,0.01,0.01,0.01
XM_015585444.1,1.83,0.01,0.01,0.01,0.01,0.01,0.01,0.01,0.01
XM_015585447.1,1.1,7.63,0.01,0.01,0.01,0.01,0.01,0.01,0.01
XM_015585455.1,7.24,9.97,5.63,0.01,0.01,0.01,0.01,0.01,0.01
XM_015585457.1,0.01,0.01,0.01,0.01,0.01,0.01,0.01,0.01,3.43
XM_015585463.1,4.79,0.01,0.01,0.01,0.01,0.01,0.01,0.01,0.01
XM_015585465.1,3.87,0.01,0.01,0.01,0.01,0.01,0.01,0.01,0.01
XM_015585466.1,0.01,0.01,0.01,0.01,0.01,0.01,0.01,0.01,0.01
XM_015585467.1,2.69,18.97,0.01,0.01,0.01,0.01,0.01,0.01,0.01
XM_015585470.1,4.22,0.01,0.01,0.01,2.05,0.01,0.01,0.01,3.14
XM_015585471.1,2.62,0.01,0.01,0.01,1.74,0.01,0.01,0.01,0.01
XM_015585473.1,5.87,0.01,0.01,0.01,4.95,0.01,0.01,0.01,0.01
XM_015585474.1,3.27,0.01,0.01,0.01,0.01,0.01,0.01,0.01,0.01
XM_015585475.1,0.01,0.01,0.01,0.01,0.01,0.01,0.01,0.01,11.36
XM_015585477.1,3.99,0.01,0.01,0.01,0.01,0.01,0.01,0.01,1.49
XM_015585479.1,2.2,0.01,0.01,0.01,0.88,0.01,0.01,0.01,0.01
XM_015585483.1,21.23,0.01,0.01,0.01,0.01,0.01,0.01,0.01,0.01
XM_015585486.1,0.01,0.01,0.01,0.01,1.3,0.01,0.01,0.01,0.01
XM_015585488.1,2.24,0.01,0.01,0.01,1.15,0.01,0.01,0.01,0.01
XM_015585489.1,0.01,0.01,0.01,0.01,0.01,0.01,0.01,0.01,3.91
XM_015585492.1,0.01,0.01,0.01,0.01,5.71,0.01,0.01,0.01,12.44
XM_015585507.1,2.75,0.01,0.01,0.01,0.01,0.01,0.01,0.01,2.36
XM_015585508.1,17.55,0.01,0.01,0.01,1.31,0.01,0.01,0.01,0.84
XM_015585516.1,2.35,0.01,0.01,0.01,11.41,0.01,0.01,0.01,1.15
XM_015585518.1,4.31,0.01,0.01,0.01,0.01,0.01,0.01,0.01,0.01
XM_015585521.1,1.73,0.01,0.01,0.01,3.71,0.01,0.01,0.01,0.01
XM_015585523.1,0.01,0.01,0.01,0.01,0.01,0.01,0.01,0.01,0.95
XM_015585526.1,6.4,0.01,0.01,0.01,0.01,0.01,0.01,0.01,0.01
XM_015585528.1,0.01,0.01,0.01,0.01,0.01,0.01,0.01,0.01,0.01
XM_015585534.1,5.42,0.01,0.01,0.01,0.01,0.01,0.01,0.01,10.26
XM_015585539.1,1.39,0.01,0.01,0.01,0.01,0.01,0.01,0.01,5.39
XM_015585545.1,0.01,0.01,0.01,0.01,1.32,0.01,0.01,0.01,0.01
XM_015585548.1,0.01,0.01,0.01,0.01,0.01,0.01,0.01,0.01,0.01
XM_015585549.1,1.17,0.01,0.01,0.01,12.24,0.01,0.01,0.01,6.25
XM_015585553.1,0.49,0.01,0.01,0.01,2.88,0.01,0.01,0.01,0.01
XM_015585557.1,1.07,0.01,0.01,0.01,0.01,0.01,3.6,0.01,0.01
XM_015585558.1,16.65,0.01,0.01,0.01,0.01,0.01,12.42,0.01,0.01
XM_015585560.1,0.01,0.01,0.01,0.01,0.8,0.01,2.77,0.01,3.58
XM_015585566.1,2.21,0.01,0.01,0.01,0.01,0.01,0.01,0.01,17.17
XM_015585568.1,0.67,0.01,0.01,0.01,1.78,0.01,3.22,0.01,1.84
XM_015585570.1,1.27,0.01,0.01,0.01,2.11,0.01,13.35,0.01,13.22
XM_015585581.1,10.98,0.01,0.01,4.48,4.87,0.01,1.03,2.12,2.29
XM_015585583.1,0.01,0.01,0.01,0.01,5.15,0.01,5.73,0.01,4.57
XM_015585585.1,2.76,0.01,0.01,0.01,0.01,0.01,0.01,0.01,0.01
XM_015585586.1,17.04,0.01,0.01,0.01,0.01,0.01,0.01,0.01,17.55
XM_015585587.1,0.01,0.01,0.01,0.01,2.53,0.01,3.14,0.01,2.98
XM_015585590.1,195.94,0.01,0.01,0.01,0.01,0.01,262.22,0.01,255.03
XM_015585591.1,0.01,0.01,0.01,0.01,2.15,0.01,0.01,0.01,0.01
XM_015585593.1,4.95,0.01,0.01,4.45,2.47,0.01,2.31,10.17,4.5
XM_015585595.1,0.01,0.01,0.01,0.35,2.2,0.01,2.44,5.51,0.93
XM_015585598.1,2.52,0.01,0.01,3.66,1.75,0.01,2.4,2.26,1.51
XM_015585600.1,6.73,0.01,0.01,4.26,5.34,0.01,5.09,18.59,5.59
XM_015585602.1,7.42,0.01,0.01,0.01,0.01,0.01,2.68,7.01,1.42
XM_015585604.1,2.69,0.01,0.01,2.76,6.39,0.01,2.16,1.93,3.88
XM_015585612.1,14.62,0.01,0.01,19.88,17.54,0.01,0.01,0.01,14.4
XM_015585613.1,0.01,0.01,0.01,0.01,1.37,0.01,0.01,0.01,10.01
XM_015585616.1,0.01,0.01,0.01,3.02,5.28,0.01,5.88,5.3,5.8
XM_015585620.1,9.33,0.01,0.01,4.84,7.07,0.01,2.28,6.23,4.81
XM_015585621.1,2.48,0.01,0.01,0.01,0.01,0.01,0.01,2.75,0.01
XM_015585623.1,3.47,0.01,0.01,0.01,3.32,0.01,1.49,0.01,0.01
XM_015585626.1,2.96,0.01,0.01,12.28,5.51,0.01,2.48,0.01,4.0
XM_015585627.1,0.01,0.01,0.01,4.28,2.24,0.01,0.01,0.01,6.07
XM_015585628.1,1.26,0.01,0.01,2.74,3.36,0.01,3.12,2.22,1.89
XM_015585629.1,1.31,0.01,0.01,0.83,0.01,0.01,5.34,0.01,0.01
XM_015585630.1,40.94,0.01,0.01,0.01,41.7,0.01,44.71,0.01,39.86
XM_015585631.1,8.83,0.01,0.01,0.01,6.92,0.01,2.09,0.01,0.01
XM_015585632.1,1.2,0.01,0.01,0.01,0.01,0.01,1.66,2.86,1.62
XM_015585633.1,1.25,0.01,0.01,0.01,0.01,0.01,0.01,0.01,19.09
XM_015585634.1,0.01,0.01,0.01,0.01,0.01,0.01,2.15,0.01,0.01
XM_015585635.1,4.1,0.01,0.01,0.01,0.01,0.01,0.01,0.01,0.01
XM_015585641.1,1.72,0.01,0.01,0.01,31.26,0.01,5.25,0.01,0.01
XM_015585642.1,1.46,0.01,0.01,10.03,0.01,0.01,11.52,0.01,0.01
XM_015585643.1,1.76,0.01,0.01,0.01,0.39,0.01,1.77,0.01,1.38
XM_015585651.1,8.57,0.01,0.01,0.01,2.7,0.01,4.21,0.01,6.25
XM_015585653.1,1.9,0.01,0.01,0.01,0.01,0.01,0.01,0.01,2.53
XM_015585659.1,1.75,0.01,0.01,1.76,0.01,0.01,13.49,4.22,0.01
XM_015585661.1,2.18,0.01,0.01,0.01,1.33,0.01,0.01,1.14,0.01
XM_015585662.1,0.52,0.01,0.01,0.01,0.01,0.01,0.01,0.01,0.01
XM_015585664.1,4.22,0.01,0.01,0.01,3.11,0.01,0.01,0.92,0.01
XM_015585668.1,0.01,0.01,0.01,0.01,23.92,0.01,24.24,0.01,1.46
XM_015585673.1,0.01,0.01,0.01,0.01,0.01,0.01,0.01,0.01,1.01
XM_015585674.1,5.04,0.01,0.01,0.01,0.01,0.01,0.01,1.88,0.01
XM_015585675.1,26.6,0.01,0.01,0.01,0.01,0.01,27.84,17.85,27.38
XM_015585677.1,0.01,0.01,0.01,0.01,2.93,0.01,0.01,0.01,0.01
XM_015585679.1,1.19,0.01,0.01,0.01,1.4,0.01,0.01,0.01,1.35
XM_015585682.1,4.32,0.01,0.01,0.01,0.01,0.01,4.36,0.01,3.61
XM_015585684.1,11.77,0.01,0.01,3.33,27.21,0.01,15.08,9.48,11.34
XM_015585686.1,14.78,0.01,0.01,10.74,14.81,0.01,10.51,0.01,0.01
XM_015585688.1,1.5,0.01,0.01,140.93,143.8,0.01,148.93,116.74,1.92
XM_015585950.1,0.94,0.01,0.01,0.01,2.51,0.01,0.01,5.19,5.59
XM_015585952.1,7.45,0.01,0.01,0.01,7.46,0.01,0.01,0.01,6.64
XM_015586029.1,23.66,0.01,0.01,0.01,0.01,0.01,0.01,0.01,0.01
XM_015586803.1,1.42,0.01,0.01,0.01,0.01,0.01,2.95,0.01,0.01
XM_015586941.1,4.16,0.01,0.01,0.01,0.01,0.01,18.54,0.01,0.01
XM_015599195.1,1.76,0.01,0.01,0.01,0.01,0.01,0.01,2.51,3.32
XM_015599482.1,3.13,0.01,3.49,0.01,3.76,0.01,0.01,2.12,0.01
XM_015599536.1,0.98,0.01,0.01,0.01,0.01,0.01,0.01,0.01,0.01
XM_015599626.1,1.1,12.38,6.56,0.01,3.98,0.01,0.01,0.01,0.01
XM_015599774.1,0.01,13.42,0.01,0.01,0.01,0.01,0.01,0.01,0.01
XM_015599913.1,4.21,0.01,0.01,0.01,11.24,0.01,0.01,0.01,10.62
XM_015600034.1,0.01,5.24,1.16,0.01,13.54,0.01,12.82,0.01,0.01
XM_015600230.1,12.24,6.47,0.01,0.01,13.26,0.01,0.01,0.01,2.44
XR_001516418.1,0.01,1.38,5.54,0.01,0.01,0.01,0.01,0.01,0.01
XR_001516422.1,0.01,0.01,0.01,0.01,2.92,0.01,0.01,0.01,4.35
XR_001516429.1,3.07,0.01,0.01,0.01,0.01,0.01,3.52,0.01,1.31
XR_001516430.1,8.54,0.01,0.01,0.01,0.01,0.01,0.01,0.01,3.99
XR_001516432.1,0.01,0.01,0.01,0.01,2.09,0.01,0.01,0.01,2.22
XR_001516433.1,0.01,0.01,0.01,1.38,0.01,0.01,3.87,1.35,0.75
XR_001516466.1,0.01,0.01,0.01,0.01,4.25,0.01,0.01,0.01,0.01
XR_439091.2,3.98,0.01,0.01,0.01,0.01,0.01,0.01,0.01,0.01
XM_006903872.2,0.01,0.01,0.01,0.01,0.01,0.01,0.01,0.01,0.01
XM_006903873.2,0.01,2.42,0.01,0.01,0.01,0.01,0.01,0.01,0.01
XM_006903875.2,0.01,1133.83,0.01,0.01,0.01,0.01,0.01,0.01,0.01
XM_006903876.2,0.01,5.95,0.01,0.01,0.01,0.01,0.01,0.01,0.01
XM_006904032.2,0.01,8.35,0.01,0.01,9.57,0.01,0.01,0.01,13.99
XM_006904036.2,0.01,11.41,139.22,0.01,0.01,0.01,0.01,0.01,0.01
XM_006904042.2,0.01,18.58,0.01,0.01,0.01,0.01,0.01,0.01,0.01
XM_006904046.2,0.01,120.51,0.01,0.01,0.01,0.01,0.01,0.01,0.01
XM_006904060.2,0.01,3.76,0.01,3.53,0.01,5.16,0.01,0.01,0.01
XM_006904062.2,0.01,19.98,0.01,0.01,0.01,0.01,0.01,0.01,0.01
XM_006904143.2,0.01,4.42,0.41,0.01,0.01,0.01,0.01,0.01,0.01
XM_006904144.2,0.01,1.26,0.01,0.01,0.01,0.01,0.01,0.01,0.01
XM_006904148.2,0.01,55.22,1.44,0.01,0.01,0.01,0.01,0.01,0.01
XM_006904149.2,0.01,0.01,14.6,0.01,0.01,0.01,0.01,0.01,0.01
XM_006904152.2,0.01,0.93,0.01,0.01,0.01,0.01,0.01,0.01,0.01
XM_006906423.2,0.01,0.01,0.01,0.01,0.01,0.01,0.01,0.01,0.01
XM_006906474.2,0.01,0.01,0.01,0.01,0.01,0.01,0.01,0.01,0.01
XM_006906477.2,0.01,7.21,13.13,0.01,0.01,0.01,0.01,0.01,0.01
XM_006906491.2,0.01,4.52,1.44,0.01,0.01,0.01,0.01,0.01,0.01
XM_006906495.2,0.01,6.14,0.01,0.01,0.01,0.01,0.01,0.01,0.01
XM_006906496.2,0.01,0.01,0.01,0.01,0.01,0.01,0.01,0.01,0.01
XM_006906513.2,0.01,0.01,1.63,0.01,0.01,0.01,0.01,0.01,0.01
XM_006906517.2,0.01,11.66,0.01,0.01,0.01,0.01,0.01,0.01,0.01
XM_006906520.2,0.01,1.78,0.01,0.01,0.01,0.01,0.01,0.01,0.01
XM_006906524.2,0.01,9.84,0.01,0.01,0.01,0.01,0.01,0.01,0.01
XM_006906527.2,0.01,5.71,11.7,0.01,0.01,0.01,0.01,0.01,0.01
XM_006906529.1,0.01,6.78,0.01,0.01,0.01,0.01,0.01,0.01,0.01
XM_006906540.2,0.01,3.04,15.5,0.01,0.01,0.01,0.01,0.01,0.01
XM_006906545.2,0.01,11.86,1.12,0.01,0.01,0.01,0.01,0.01,0.01
XM_006906557.2,0.01,4.46,0.01,0.01,0.01,0.01,0.01,0.01,0.01
XM_006906559.2,0.01,11.31,16.68,0.01,0.01,0.01,0.01,0.01,0.01
XM_006906561.2,0.01,9.76,17.51,0.01,0.01,0.01,0.01,0.01,0.01
XM_006906562.2,0.01,184.94,0.01,0.01,0.01,0.01,0.01,0.01,0.01
XM_006906563.2,0.01,14.11,0.01,0.01,0.01,0.01,0.01,0.01,0.01
XM_006906564.2,0.01,10.82,0.01,0.01,0.01,0.01,0.01,0.01,0.01
XM_006906584.2,0.01,20.53,0.01,0.01,0.01,0.01,0.01,0.01,0.01
XM_006906585.2,0.01,8.75,9.18,0.01,0.01,0.01,0.01,0.01,0.01
XM_006906589.2,0.01,1.4,4.03,0.01,0.01,0.01,0.01,0.01,0.01
XM_006906595.2,0.01,40.79,0.01,0.01,0.01,0.01,0.01,0.01,0.01
XM_006906600.2,0.01,1.47,5.81,0.01,0.01,0.01,0.01,0.01,0.01
XM_006906602.2,0.01,7.63,0.9,0.01,0.01,0.01,0.01,0.01,0.01
XM_006906605.2,0.01,29.68,23.86,0.01,0.01,0.01,0.01,0.01,0.01
XM_006906617.2,0.01,1.22,0.01,0.01,0.01,0.01,0.01,0.01,0.01
XM_006906625.2,0.01,3.08,1.66,0.01,0.01,0.01,0.01,0.01,0.01
XM_006906638.2,0.01,1.09,0.01,0.01,0.01,0.01,0.01,0.01,0.01
XM_006906644.2,0.01,32.15,0.01,0.01,0.01,0.01,0.01,0.01,0.01
XM_006906648.2,0.01,0.79,2.45,0.01,0.01,0.01,0.01,0.01,0.01
XM_006906660.2,0.01,0.01,15.0,0.01,0.01,0.01,0.01,0.01,0.01
XM_006906662.2,0.01,6.36,5.29,0.01,0.01,0.01,0.01,0.01,0.01
XM_006906663.2,0.01,12.74,0.47,0.01,0.01,0.01,0.01,0.01,0.01
XM_006906667.2,0.01,3.12,0.01,0.01,0.01,0.01,0.01,0.01,0.01
XM_006906671.2,0.01,39.17,31.31,0.01,0.01,0.01,0.01,0.01,0.01
XM_006906677.2,0.01,4.7,5.11,0.01,0.01,0.01,0.01,0.01,0.01
XM_006906680.2,0.01,0.01,10.41,0.01,0.01,0.01,0.01,0.01,0.01
XM_006906681.2,0.01,4.4,3.85,0.01,0.01,0.01,0.01,0.01,0.01
XM_006906689.2,0.01,0.01,9.65,0.01,0.01,0.01,0.01,0.01,0.01
XM_006906690.2,0.01,1.21,3.51,0.01,0.01,0.01,0.01,0.01,0.01
XM_006906694.2,0.01,118.0,143.89,0.01,0.01,0.01,0.01,0.01,0.01
XM_006906699.2,0.01,5.49,3.98,0.01,0.01,0.01,0.01,0.01,0.01
XM_006906700.2,0.01,0.01,15.0,0.01,0.01,0.01,0.01,0.01,0.01
XM_006906704.2,0.01,0.43,0.01,0.01,0.01,0.01,0.01,0.01,0.01
XM_006906705.2,0.01,0.01,11.09,0.01,0.01,0.01,0.01,0.01,0.01
XM_006906706.2,0.01,0.01,0.01,0.01,0.01,0.01,0.01,0.01,0.01
XM_006906715.1,0.01,3.78,0.01,0.01,0.01,0.01,0.01,0.01,0.01
XM_006906717.2,0.01,1.8,2.27,0.01,0.01,0.01,0.01,0.01,0.01
XM_006906728.2,0.01,0.01,0.01,0.01,0.01,0.01,0.01,0.01,0.01
XM_006906730.2,0.01,71.63,2.39,0.01,0.01,0.01,0.01,0.01,0.01
XM_006906735.2,0.01,4.75,6.57,0.01,0.01,0.01,0.01,0.01,0.01
XM_006906744.2,0.01,10.99,12.24,0.01,0.01,0.01,0.01,0.01,0.01
XM_006906745.2,0.01,2.74,0.01,0.01,0.01,0.01,0.01,0.01,0.01
XM_006906746.2,0.01,0.01,0.01,0.01,0.01,0.01,0.01,0.01,0.01
XM_006906748.2,0.01,138.28,112.83,0.01,0.01,0.01,0.01,0.01,0.01
XM_006906749.2,0.01,181.54,141.66,0.01,0.01,0.01,0.01,0.01,0.01
XM_006906751.2,0.01,1.26,31.78,0.01,0.01,0.01,0.01,0.01,0.01
XM_006906753.2,0.01,44.23,0.01,0.01,0.01,0.01,0.01,0.01,0.01
XM_006906755.2,0.01,5.12,7.12,0.01,0.01,0.01,0.01,0.01,0.01
XM_006906758.2,0.01,0.01,1.3,0.01,0.01,0.01,0.01,0.01,0.01
XM_006906786.2,0.01,18.43,0.01,0.01,0.01,0.01,0.01,0.01,0.01
XM_006925571.2,0.01,1.8,0.01,0.01,0.01,0.01,0.01,0.01,0.01
XM_006927016.2,0.01,8.33,0.01,0.01,0.01,0.01,0.01,0.01,0.01
XM_006927036.2,0.01,0.54,0.01,0.01,0.01,0.01,6.17,0.01,0.01
XM_006927126.2,0.01,1.6,0.01,0.01,0.01,1.46,0.01,0.01,0.01
XM_015585151.1,0.01,26.51,0.01,0.01,0.01,0.01,0.01,0.01,0.01
XM_015585154.1,0.01,6.4,0.01,0.01,0.01,0.01,0.01,0.01,0.01
XM_015585165.1,0.01,6.19,1.84,0.01,0.01,0.01,0.01,0.01,0.01
XM_015585166.1,0.01,0.01,0.71,0.01,0.01,0.01,0.01,0.01,0.01
XM_015585167.1,0.01,44.23,45.84,0.01,0.01,0.01,0.01,0.01,0.01
XM_015585168.1,0.01,0.01,13.76,0.01,0.01,0.01,0.01,0.01,0.01
XM_015585169.1,0.01,22.65,21.56,0.01,0.01,0.01,0.01,0.01,0.01
XM_015585170.1,0.01,8.15,0.01,0.01,0.01,0.01,0.01,0.01,0.01
XM_015585171.1,0.01,1.43,0.01,0.01,0.01,0.01,0.01,0.01,0.01
XM_015585172.1,0.01,5.63,19.08,0.01,0.01,0.01,0.01,0.01,0.01
XM_015585174.1,0.01,12.61,0.93,0.01,0.01,0.01,0.01,0.01,0.01
XM_015585175.1,0.01,1.99,0.01,0.01,0.01,0.01,0.01,0.01,0.01
XM_015585177.1,0.01,0.01,0.01,0.01,0.01,0.01,0.01,0.01,0.01
XM_015585178.1,0.01,3.38,17.87,0.01,0.01,0.01,0.01,0.01,0.01
XM_015585180.1,0.01,0.01,2.91,0.01,0.01,0.01,0.01,0.01,0.01
XM_015585181.1,0.01,1.92,15.43,0.01,0.01,0.01,0.01,0.01,0.01
XM_015585185.1,0.01,13.08,11.96,0.01,0.01,0.01,0.01,0.01,0.01
XM_015585190.1,0.01,1.55,3.33,0.01,0.01,0.01,0.01,0.01,0.01
XM_015585191.1,0.01,7.16,3.42,0.01,0.01,0.01,0.01,0.01,0.01
XM_015585229.1,0.01,3.74,4.71,0.01,0.01,0.01,0.01,0.01,0.01
XM_015585233.1,0.01,1.95,2.18,0.01,0.01,0.01,0.01,0.01,0.01
XM_015585240.1,0.01,7.24,3.04,0.01,0.01,0.01,0.01,0.01,0.01
XM_015585252.1,0.01,9.55,16.49,0.01,0.01,0.01,0.01,0.01,0.01
XM_015585253.1,0.01,2.75,4.62,0.01,0.01,0.01,0.01,0.01,0.01
XM_015585255.1,0.01,4.54,5.3,0.01,0.01,0.01,0.01,0.01,0.01
XM_015585260.1,0.01,0.01,18.72,0.01,0.01,0.01,0.01,0.01,0.01
XM_015585262.1,0.01,32.31,13.6,0.01,0.01,0.01,0.01,0.01,0.01
XM_015585312.1,0.01,2.09,0.01,0.01,0.01,0.01,0.01,0.01,0.01
XM_015585313.1,0.01,7.51,2.05,0.01,0.01,0.01,0.01,0.01,0.01
XM_015585314.1,0.01,40.23,36.84,0.01,0.01,0.01,0.01,0.01,0.01
XM_015585327.1,0.01,9.73,0.01,0.01,0.01,0.01,0.01,0.01,0.01
XM_015585330.1,0.01,3.67,11.72,0.01,0.01,0.01,0.01,0.01,0.01
XM_015585338.1,0.01,3.97,12.16,0.01,0.01,0.01,0.01,0.01,0.01
XM_015585339.1,0.01,3.32,0.01,0.01,0.01,0.01,0.01,0.01,0.01
XM_015585340.1,0.01,3.84,2.18,0.01,0.01,0.01,0.01,0.01,0.01
XM_015585341.1,0.01,4.22,0.01,0.01,0.01,0.01,0.01,0.01,0.01
XM_015585351.1,0.01,13.97,33.48,0.01,0.01,0.01,0.01,0.01,0.01
XM_015585357.1,0.01,0.01,1.6,0.01,0.01,0.01,0.01,0.01,0.01
XM_015585359.1,0.01,12.24,13.1,0.01,0.01,0.01,0.01,0.01,0.01
XM_015585364.1,0.01,1.47,0.01,0.01,0.01,0.01,0.01,0.01,0.01
XM_015585365.1,0.01,7.62,14.54,0.01,0.01,0.01,0.01,0.01,0.01
XM_015585382.1,0.01,1.78,0.01,0.01,0.01,0.01,0.01,0.01,0.01
XM_015585386.1,0.01,0.01,0.01,0.01,0.01,0.01,0.01,0.01,0.01
XM_015585393.1,0.01,2.16,0.01,0.01,0.01,0.01,0.01,0.01,0.01
XM_015585394.1,0.01,0.01,5.43,0.01,0.01,0.01,0.01,0.01,0.01
XM_015585397.1,0.01,0.01,1.86,0.01,0.01,0.01,0.01,0.01,0.01
XM_015585400.1,0.01,3.12,4.23,0.01,0.01,0.01,0.01,0.01,0.01
XM_015585402.1,0.01,3.33,0.01,0.01,0.01,0.01,0.01,0.01,0.01
XM_015585408.1,0.01,0.01,0.01,0.01,0.01,0.01,0.01,0.01,0.01
XM_015585416.1,0.01,28.8,24.23,0.01,0.01,0.01,0.01,0.01,0.01
XM_015585419.1,0.01,0.01,29.66,0.01,0.01,0.01,0.01,0.01,0.01
XM_015585420.1,0.01,4.5,1.98,0.01,0.01,0.01,0.01,0.01,0.01
XM_015585422.1,0.01,3.32,1.34,0.01,0.01,0.01,0.01,0.01,0.01
XM_015585435.1,0.01,0.01,10.57,0.01,0.01,0.01,0.01,0.01,0.01
XM_015585448.1,0.01,2.63,0.01,0.01,0.01,0.01,0.01,0.01,0.01
XM_015585449.1,0.01,3.21,4.21,0.01,0.01,0.01,0.01,0.01,0.01
XM_015585451.1,0.01,0.01,1.8,0.01,0.01,0.01,0.01,0.01,0.01
XM_015585454.1,0.01,1.51,0.01,0.01,0.01,0.01,0.01,0.01,0.01
XM_015585458.1,0.01,4.11,0.01,0.01,0.01,0.01,0.01,0.01,0.01
XM_015585460.1,0.01,0.01,0.01,0.01,0.01,0.01,0.01,0.01,0.01
XM_015585491.1,0.01,0.01,4.75,0.01,0.01,0.01,0.01,0.01,0.01
XM_015585505.1,0.01,5.48,5.35,0.01,0.01,0.01,0.01,0.01,0.01
XM_015585716.1,0.01,0.01,2.13,0.01,0.01,0.01,0.01,0.01,0.01
XM_015585796.1,0.01,0.01,0.01,0.01,0.01,4.81,0.01,0.01,0.01
XM_015586067.1,0.01,3.59,3.49,0.01,0.01,0.01,3.07,4.28,2.96
XM_015586069.1,0.01,0.01,0.01,0.01,0.01,0.01,0.01,0.01,0.01
XM_015587386.1,0.01,2.2,0.01,0.01,0.01,0.01,0.01,0.01,0.01
XM_015595750.1,0.01,0.01,0.01,0.01,0.01,0.01,0.01,0.01,0.01
XM_015599449.1,0.01,1.85,406.99,0.01,0.01,0.01,0.01,0.01,0.01
XM_015600305.1,0.01,29.65,0.01,0.01,0.01,0.01,0.01,0.01,0.01
XM_015600504.1,0.01,7.84,0.01,0.01,0.01,8.62,0.01,0.01,0.01
XR_001516380.1,0.01,0.01,2.15,0.01,0.01,0.01,0.01,0.01,0.01
XR_001516383.1,0.01,4.62,4.43,0.01,0.01,0.01,0.01,0.01,0.01
XR_001516399.1,0.01,0.01,0.01,0.01,0.01,0.01,0.01,0.01,0.01
XR_001516416.1,0.01,1.26,4.42,0.01,0.01,0.01,0.01,0.01,0.01
XR_001516417.1,0.01,2.15,0.01,0.01,0.01,0.01,0.01,0.01,0.01
XR_001516501.1,0.01,0.81,2.81,0.01,0.01,0.01,4.12,0.01,2.32
XM_006903838.2,0.01,0.01,4.25,5.18,0.01,0.01,0.01,8.39,0.01
XM_006903851.2,0.01,0.01,1.1,0.01,0.01,0.01,0.01,0.01,0.01
XM_006903860.2,0.01,0.01,31.32,0.01,0.01,0.01,0.01,0.01,0.01
XM_006904132.2,0.01,0.01,129.28,0.01,0.01,0.01,0.01,0.01,0.01
XM_006904136.2,0.01,0.01,4.43,0.01,0.01,0.01,0.01,0.01,0.01
XM_006904140.2,0.01,0.01,4.49,0.01,0.01,0.01,0.01,0.01,0.01
XM_006904141.2,0.01,0.01,0.71,0.01,0.01,0.01,0.01,0.01,0.01
XM_006904175.2,0.01,0.01,9.57,0.01,0.01,0.01,0.01,0.01,0.01
XM_006904180.2,0.01,0.01,64.62,0.01,0.01,0.01,0.01,0.01,0.01
XM_006904206.2,0.01,0.01,61.73,0.01,0.01,0.01,0.01,0.01,0.01
XM_006904213.2,0.01,0.01,31.02,0.01,0.01,0.01,0.01,0.01,0.01
XM_006906368.2,0.01,0.01,0.31,0.01,0.01,0.01,0.01,0.01,0.01
XM_006906425.2,0.01,0.01,3.24,0.01,0.01,0.01,0.01,0.01,0.01
XM_006906427.2,0.01,0.01,1.94,0.01,0.01,0.01,0.01,0.01,0.01
XM_006906442.2,0.01,0.01,10.32,0.01,0.01,0.01,0.01,0.01,0.01
XM_006906443.2,0.01,0.01,0.01,0.01,0.01,0.01,0.01,0.01,0.01
XM_006906444.2,0.01,0.01,16.01,0.01,0.01,0.01,0.01,0.01,0.01
XM_006906446.2,0.01,0.01,1.5,0.01,0.01,0.01,0.01,0.01,0.01
XM_006906457.2,0.01,0.01,46.46,0.01,0.01,0.01,0.01,0.01,0.01
XM_006906462.2,0.01,0.01,16.37,0.01,0.01,0.01,0.01,0.01,0.01
XM_006906466.1,0.01,0.01,9.52,0.01,0.01,0.01,0.01,0.01,0.01
XM_006906468.2,0.01,0.01,3.78,0.01,0.01,0.01,0.01,0.01,0.01
XM_006906478.2,0.01,0.01,12.39,0.01,0.01,0.01,0.01,0.01,0.01
XM_006906515.2,0.01,0.01,0.01,0.01,0.01,0.01,0.01,0.01,0.01
XM_006906525.2,0.01,0.01,2.5,0.01,0.01,0.01,0.01,0.01,0.01
XM_006906550.2,0.01,0.01,1.21,0.01,0.01,0.01,0.01,0.01,0.01
XM_006906574.2,0.01,0.01,56.34,0.01,0.01,0.01,0.01,0.01,0.01
XM_006906611.2,0.01,0.01,4.12,0.01,0.01,0.01,0.01,0.01,0.01
XM_006906665.2,0.01,0.01,1.69,0.01,0.01,0.01,0.01,0.01,0.01
XM_006906672.2,0.01,0.01,1.44,0.01,0.01,0.01,0.01,0.01,0.01
XM_006906747.2,0.01,0.01,27.89,0.01,0.01,0.01,0.01,0.01,0.01
XM_015585150.1,0.01,0.01,8.5,0.01,0.01,0.01,0.01,0.01,0.01
XM_015585155.1,0.01,0.01,6.16,0.01,0.01,0.01,0.01,0.01,0.01
XM_015585209.1,0.01,0.01,3.9,0.01,0.01,0.01,0.01,0.01,0.01
XM_015585231.1,0.01,0.01,2.52,0.01,0.01,0.01,0.01,0.01,0.01
XM_015585235.1,0.01,0.01,2.19,0.01,0.01,0.01,0.01,0.01,0.01
XM_015585236.1,0.01,0.01,4.05,0.01,0.01,0.01,0.01,0.01,0.01
XM_015585254.1,0.01,0.01,11.91,0.01,0.01,0.01,0.01,0.01,0.01
XM_015585315.1,0.01,0.01,12.72,0.01,0.01,0.01,0.01,0.01,0.01
XM_015585342.1,0.01,0.01,2.68,0.01,0.01,0.01,0.01,0.01,0.01
XM_015585368.1,0.01,0.01,5.41,0.01,0.01,0.01,0.01,0.01,0.01
XM_015585401.1,0.01,0.01,3.38,0.01,0.01,0.01,0.01,0.01,0.01
XM_015585407.1,0.01,0.01,0.01,0.01,0.01,0.01,0.01,0.01,0.01
XM_015585409.1,0.01,0.01,0.83,0.01,0.01,0.01,0.01,0.01,0.01
XM_015585410.1,0.01,0.01,9.68,0.01,0.01,0.01,0.01,0.01,0.01
XM_015585417.1,0.01,0.01,5.47,0.01,0.01,0.01,0.01,0.01,0.01
XM_015585446.1,0.01,0.01,1.16,0.01,0.01,0.01,0.01,0.01,0.01
XM_015585502.1,0.01,0.01,1.65,0.01,0.01,0.01,0.01,0.01,0.01
XM_015585556.1,0.01,0.01,1.77,0.01,0.01,0.01,0.01,0.01,0.01
XM_015585563.1,0.01,0.01,0.01,0.01,0.01,0.01,0.01,0.01,0.01
XM_015585710.1,0.01,0.01,10.31,0.01,0.01,0.01,0.01,0.01,0.01
XM_015585903.1,0.01,0.01,19.48,0.01,0.01,0.01,0.01,0.01,0.01
XM_015586020.1,0.01,0.01,0.01,0.01,0.01,0.01,0.01,0.01,0.01
XM_015587078.1,0.01,0.01,13.88,0.01,0.01,0.01,0.01,0.01,0.01
XM_015587121.1,0.01,0.01,2.73,0.01,0.01,0.01,0.01,0.01,0.01
XR_001516400.1,0.01,0.01,12.21,0.01,0.01,0.01,0.01,0.01,0.01
XM_006903864.2,0.01,0.01,0.01,1.31,12.21,3.1,0.01,11.65,0.01
XM_006903870.2,0.01,0.01,0.01,135.35,0.01,0.01,0.01,102.71,0.01
XM_006904051.2,0.01,0.01,0.01,10.24,60.63,0.01,0.01,0.01,0.01
XM_006904052.2,0.01,0.01,0.01,10.41,0.01,5.44,0.01,0.01,0.01
XM_006904058.2,0.01,0.01,0.01,3.93,0.01,0.01,0.01,0.01,0.01
XM_006904059.2,0.01,0.01,0.01,0.01,0.01,0.01,0.01,0.01,0.01
XM_006904107.2,0.01,0.01,0.01,4.66,0.01,6.62,0.01,3.38,0.01
XM_006906942.2,0.01,0.01,0.01,5.49,0.01,0.01,0.55,3.08,0.73
XM_006906943.2,0.01,0.01,0.01,6.28,0.01,0.01,0.01,0.01,0.01
XM_006906959.2,0.01,0.01,0.01,8.39,8.68,0.01,8.05,12.78,9.4
XM_006906969.2,0.01,0.01,0.01,15.06,0.01,0.01,9.2,0.01,0.01
XM_006907072.2,0.01,0.01,0.01,0.94,0.01,0.01,12.3,0.97,1.0
XM_006907073.2,0.01,0.01,0.01,1.75,46.1,0.01,3.7,2.28,0.7
XM_006907077.2,0.01,0.01,0.01,0.01,0.01,11.66,0.01,10.85,1.35
XM_006907081.2,0.01,0.01,0.01,11.1,18.13,0.01,15.92,0.01,2.26
XM_006907082.2,0.01,0.01,0.01,0.01,24.92,0.8,11.91,0.96,19.29
XM_006907089.2,0.01,0.01,0.01,33.87,28.11,36.21,30.14,10.67,0.01
XM_006907096.2,0.01,0.01,0.01,1.84,10.46,1.76,10.03,2.15,10.88
XM_006907106.2,0.01,0.01,0.01,0.01,0.01,1.91,14.91,24.95,0.01
XM_006907108.2,0.01,0.01,0.01,63.91,0.01,57.07,67.69,56.81,0.01
XM_006907109.2,0.01,0.01,0.01,0.01,0.01,19.09,0.01,0.01,0.01
XM_006907110.1,0.01,0.01,0.01,1.6,0.01,0.01,0.01,0.01,0.01
XM_006907111.2,0.01,0.01,0.01,51.45,0.01,47.87,3.39,55.18,0.01
XM_006907112.2,0.01,0.01,0.01,0.01,0.01,6.51,0.01,6.01,0.01
XM_006907114.2,0.01,0.01,0.01,2.0,0.01,0.4,10.08,0.01,0.01
XM_006907115.2,0.01,0.01,0.01,11.81,0.01,9.86,0.67,0.01,0.01
XM_006907117.2,0.01,0.01,0.01,4.51,0.01,4.97,2.09,2.7,0.01
XM_006907121.2,0.01,0.01,0.01,74.02,0.01,46.76,55.94,101.04,0.01
XM_006907123.2,0.01,0.01,0.01,0.01,0.01,7.02,0.81,0.01,0.01
XM_006907124.2,0.01,0.01,0.01,0.01,0.01,12.44,15.34,0.01,0.01
XM_006907126.2,0.01,0.01,0.01,1.13,0.01,0.01,0.01,3.24,0.01
XM_006907127.2,0.01,0.01,0.01,0.01,0.01,12.83,0.38,3.17,0.01
XM_006907128.2,0.01,0.01,0.01,2.32,0.01,0.01,0.01,1.33,0.01
XM_006907129.2,0.01,0.01,0.01,3.07,0.01,0.01,0.01,0.01,0.01
XM_006907130.2,0.01,0.01,0.01,90.47,0.01,83.14,0.01,4.35,0.01
XM_006907133.2,0.01,0.01,0.01,10.62,0.01,8.67,5.42,0.01,0.01
XM_006907137.2,0.01,0.01,0.01,877.03,0.01,0.85,829.52,0.01,0.01
XM_006907140.2,0.01,0.01,0.01,13.11,0.01,15.3,6.55,0.01,0.01
XM_006907142.2,0.01,0.01,0.01,13.38,0.01,13.11,1.66,15.27,0.01
XM_006907143.2,0.01,0.01,0.01,0.01,0.01,0.61,8.04,0.01,0.01
XM_006907144.2,0.01,0.01,0.01,0.01,0.01,19.8,0.01,0.01,0.01
XM_006907145.2,0.01,0.01,0.01,11.1,0.01,9.34,11.13,10.68,0.01
XM_006907146.2,0.01,0.01,0.01,51.04,0.01,49.27,49.57,8.69,0.01
XM_006907147.2,0.01,0.01,0.01,6.42,0.01,1.98,1.97,1.98,0.01
XM_006907155.2,0.01,0.01,0.01,39.95,0.01,2.31,10.57,10.92,0.01
XM_006907166.2,0.01,0.01,0.01,10.23,0.01,0.53,0.01,4.37,0.01
XM_006907167.2,0.01,0.01,0.01,59.94,0.01,10.85,0.01,0.01,0.01
XM_006907168.2,0.01,0.01,0.01,0.01,0.01,0.01,0.01,5.2,0.01
XM_006907171.2,0.01,0.01,0.01,0.01,0.01,5.41,0.01,5.64,0.01
XM_006907174.1,0.01,0.01,0.01,71.27,0.01,64.87,0.01,55.23,0.01
XM_006907175.2,0.01,0.01,0.01,12.6,0.01,14.6,0.01,0.01,0.01
XM_006907176.2,0.01,0.01,0.01,0.96,0.01,14.1,0.01,0.01,0.01
XM_006907177.2,0.01,0.01,0.01,18.97,0.01,15.93,0.01,0.01,0.01
XM_006907181.2,0.01,0.01,0.01,1.62,0.01,3.13,0.01,3.17,0.01
XM_006907182.2,0.01,0.01,0.01,65.51,0.01,27.91,0.01,66.13,0.01
XM_006907184.2,0.01,0.01,0.01,13.0,0.01,0.01,0.01,0.01,0.01
XM_006907186.2,0.01,0.01,0.01,0.98,0.01,0.01,0.01,0.01,0.01
XM_006907187.2,0.01,0.01,0.01,10.44,0.01,0.58,0.01,0.01,0.01
XM_006907188.2,0.01,0.01,0.01,6.51,0.01,3.48,0.01,6.46,0.01
XM_006907191.2,0.01,0.01,0.01,0.01,0.01,0.01,0.01,7.55,0.01
XM_006907193.2,0.01,0.01,0.01,0.01,0.01,20.84,0.01,0.01,0.01
XM_006907194.2,0.01,0.01,0.01,22.1,0.01,20.27,0.01,3.48,0.01
XM_006907198.2,0.01,0.01,0.01,2.36,0.01,0.01,0.01,0.01,0.01
XM_006907199.2,0.01,0.01,0.01,12.39,0.01,17.0,0.01,0.01,0.01
XM_006907201.2,0.01,0.01,0.01,0.01,0.01,0.01,0.01,1.17,0.01
XM_006907202.2,0.01,0.01,0.01,2.07,0.01,10.59,0.01,0.15,0.01
XM_006907203.2,0.01,0.01,0.01,0.01,0.01,1.9,0.01,0.01,0.01
XM_006907204.2,0.01,0.01,0.01,15.79,0.01,12.98,0.01,0.01,0.01
XM_006907211.2,0.01,0.01,0.01,2.11,0.01,0.01,0.01,0.01,0.01
XM_006907215.2,0.01,0.01,0.01,0.01,0.01,2.6,0.01,1.64,0.01
XM_006907217.2,0.01,0.01,0.01,9.97,0.01,10.37,0.01,9.83,0.01
XM_006907218.2,0.01,0.01,0.01,1.24,0.01,11.35,0.01,6.76,0.01
XM_006907219.2,0.01,0.01,0.01,0.72,0.01,0.67,0.01,5.44,0.01
XM_006907220.2,0.01,0.01,0.01,1.83,0.01,0.01,0.01,20.37,0.01
XM_006907221.2,0.01,0.01,0.01,0.01,0.01,3.49,0.01,0.01,0.01
XM_006907222.1,0.01,0.01,0.01,0.77,0.01,1.95,0.01,0.01,0.01
XM_006907223.2,0.01,0.01,0.01,0.01,0.01,3.96,0.01,3.73,0.01
XM_006907232.2,0.01,0.01,0.01,10.98,0.01,11.75,0.01,0.01,0.01
XM_006907233.2,0.01,0.01,0.01,60.7,0.01,58.12,0.01,58.44,0.01
XM_006907237.2,0.01,0.01,0.01,0.01,0.01,6.95,0.01,0.01,0.01
XM_006907238.2,0.01,0.01,0.01,105.07,0.01,128.59,0.01,111.89,0.01
XM_006907242.2,0.01,0.01,0.01,2.23,0.01,0.01,0.01,2.3,0.01
XM_006907243.2,0.01,0.01,0.01,7.35,0.01,3.05,0.01,0.01,0.01
XM_006907244.2,0.01,0.01,0.01,20.1,0.01,17.97,0.01,0.01,0.01
XM_006907245.2,0.01,0.01,0.01,1.69,0.01,11.26,0.01,0.01,0.01
XM_006907252.2,0.01,0.01,0.01,0.01,0.01,11.2,0.01,0.01,0.01
XM_006907255.2,0.01,0.01,0.01,22.64,0.01,25.95,0.01,38.65,0.01
XM_006907256.2,0.01,0.01,0.01,4.13,0.01,0.01,0.01,0.01,0.01
XM_006907258.2,0.01,0.01,0.01,0.72,0.01,3.84,0.01,13.94,0.01
XM_006907260.2,0.01,0.01,0.01,0.01,0.01,0.01,0.01,2.06,0.01
XM_006907263.2,0.01,0.01,0.01,2.73,0.01,3.68,0.01,0.01,0.01
XM_006907264.2,0.01,0.01,0.01,7.75,0.01,8.47,0.01,0.38,0.01
XM_006907266.2,0.01,0.01,0.01,5.35,0.01,0.01,0.01,0.01,0.01
XM_006907267.2,0.01,0.01,0.01,0.69,0.01,6.01,0.01,6.12,0.01
XM_006907273.2,0.01,0.01,0.01,4.09,0.01,1.05,0.01,0.01,0.01
XM_006907274.2,0.01,0.01,0.01,0.01,0.01,0.01,0.01,4.35,0.01
XM_006907276.1,0.01,0.01,0.01,17.55,0.01,0.39,0.01,0.01,0.01
XM_006907278.2,0.01,0.01,0.01,0.01,0.01,14.79,0.01,10.2,0.01
XM_006907279.2,0.01,0.01,0.01,1.74,0.01,2.34,0.01,0.01,0.01
XM_006907283.2,0.01,0.01,0.01,10.0,0.01,1.02,0.01,7.23,0.01
XM_006924424.2,0.01,0.01,0.01,5.03,0.01,0.01,0.01,0.01,0.01
XM_006926989.2,0.01,0.01,0.01,1.88,0.01,2.3,0.01,0.01,0.01
XM_015585588.1,0.01,0.01,0.01,5.71,4.0,0.01,0.01,0.01,6.34
XM_015585658.1,0.01,0.01,0.01,6.23,0.01,0.01,4.03,13.04,7.53
XM_015585692.1,0.01,0.01,0.01,5.15,0.01,3.92,0.01,0.01,0.01
XM_015585693.1,0.01,0.01,0.01,0.01,1.08,0.01,0.01,0.01,0.01
XM_015585696.1,0.01,0.01,0.01,10.51,1.94,3.89,0.01,0.01,1.07
XM_015585700.1,0.01,0.01,0.01,17.43,10.14,22.51,4.65,1.3,0.01
XM_015585701.1,0.01,0.01,0.01,2.7,0.02,0.76,2.46,0.01,0.01
XM_015585702.1,0.01,0.01,0.01,11.86,0.01,6.59,11.97,0.01,0.01
XM_015585704.1,0.01,0.01,0.01,17.74,0.01,17.4,17.69,15.62,0.01
XM_015585705.1,0.01,0.01,0.01,17.16,12.02,1.24,13.68,0.01,0.01
XM_015585706.1,0.01,0.01,0.01,3.96,46.78,1.23,27.15,49.94,41.87
XM_015585708.1,0.01,0.01,0.01,1.29,173.41,0.01,0.52,1.87,151.95
XM_015585711.1,0.01,0.01,0.01,27.2,0.01,0.01,0.01,18.53,20.32
XM_015585712.1,0.01,0.01,0.01,0.01,1.1,3.23,10.44,3.66,0.01
XM_015585714.1,0.01,0.01,0.01,0.84,1.5,2.88,2.64,1.6,1.0
XM_015585715.1,0.01,0.01,0.01,2.7,1.33,48.21,18.19,39.04,4.22
XM_015585717.1,0.01,0.01,0.01,12.56,10.88,12.33,16.46,0.11,16.57
XM_015585718.1,0.01,0.01,0.01,12.45,0.01,0.01,1.9,4.69,0.01
XM_015585722.1,0.01,0.01,0.01,0.01,0.01,12.25,25.2,10.31,0.01
XM_015585723.1,0.01,0.01,0.01,1.94,0.01,2.53,0.01,0.01,0.01
XM_015585726.1,0.01,0.01,0.01,1.26,0.01,0.01,10.48,10.81,0.01
XM_015585730.1,0.01,0.01,0.01,23.73,0.01,0.01,1.48,0.01,0.01
XM_015585731.1,0.01,0.01,0.01,11.9,0.01,0.01,10.68,10.46,0.01
XM_015585732.1,0.01,0.01,0.01,0.01,0.01,10.2,0.01,3.96,0.01
XM_015585733.1,0.01,0.01,0.01,1.73,0.01,17.59,1.88,1.06,0.01
XM_015585734.1,0.01,0.01,0.01,14.63,0.01,12.58,0.01,0.01,0.01
XM_015585736.1,0.01,0.01,0.01,3.61,0.01,2.18,3.03,3.3,0.01
XM_015585744.1,0.01,0.01,0.01,10.32,0.01,4.29,5.77,8.54,0.01
XM_015585745.1,0.01,0.01,0.01,31.02,0.01,17.88,19.6,20.42,0.01
XM_015585746.1,0.01,0.01,0.01,1.88,0.01,0.01,0.01,33.63,0.01
XM_015585754.1,0.01,0.01,0.01,2.19,0.01,0.01,0.01,6.3,0.01
XM_015585757.1,0.01,0.01,0.01,0.01,0.01,0.01,0.01,0.01,0.01
XM_015585758.1,0.01,0.01,0.01,1.13,0.01,9.67,0.01,0.01,0.01
XM_015585764.1,0.01,0.01,0.01,4.02,0.01,0.01,0.01,0.01,0.01
XM_015585765.1,0.01,0.01,0.01,0.01,0.01,2.16,0.01,0.01,0.01
XM_015585766.1,0.01,0.01,0.01,8.05,0.01,0.01,0.01,3.0,0.01
XM_015585768.1,0.01,0.01,0.01,0.01,0.01,1.39,0.01,0.01,0.01
XM_015585770.1,0.01,0.01,0.01,4.2,0.01,0.01,0.01,0.01,0.01
XM_015585774.1,0.01,0.01,0.01,3.21,0.01,0.01,0.01,0.01,0.01
XM_015585781.1,0.01,0.01,0.01,0.01,0.01,0.81,0.01,2.32,0.01
XM_015585783.1,0.01,0.01,0.01,8.57,0.01,1.58,0.01,0.01,0.01
XM_015585788.1,0.01,0.01,0.01,0.01,0.01,14.31,0.01,0.01,0.01
XM_015585789.1,0.01,0.01,0.01,0.53,0.01,0.01,0.01,0.01,0.01
XM_015585791.1,0.01,0.01,0.01,6.12,0.01,0.01,0.01,0.01,0.01
XM_015585792.1,0.01,0.01,0.01,0.01,0.01,0.01,0.01,0.01,0.01
XM_015585794.1,0.01,0.01,0.01,2.17,0.01,0.01,0.01,1.66,0.01
XM_015585797.1,0.01,0.01,0.01,0.01,0.01,10.8,0.01,0.01,0.01
XM_015585798.1,0.01,0.01,0.01,12.2,0.01,0.01,0.01,0.01,0.01
XM_015585801.1,0.01,0.01,0.01,10.87,0.01,15.98,0.01,0.01,0.01
XM_015585802.1,0.01,0.01,0.01,0.28,0.01,0.01,0.01,0.01,0.01
XM_015585805.1,0.01,0.01,0.01,75.93,0.01,64.99,0.01,0.01,0.01
XM_015585806.1,0.01,0.01,0.01,0.01,0.01,0.01,0.01,0.01,0.01
XM_015585808.1,0.01,0.01,0.01,1.61,0.01,9.24,0.01,0.01,0.01
XM_015585810.1,0.01,0.01,0.01,0.84,0.01,1.26,0.01,16.21,0.01
XM_015585811.1,0.01,0.01,0.01,1.17,0.01,0.01,0.01,6.49,0.01
XM_015585817.1,0.01,0.01,0.01,0.01,0.01,0.6,0.01,0.01,0.01
XM_015585821.1,0.01,0.01,0.01,0.01,0.01,14.26,0.01,5.11,0.01
XM_015585823.1,0.01,0.01,0.01,12.72,0.01,2.74,0.01,0.01,0.01
XM_015585825.1,0.01,0.01,0.01,0.01,0.01,8.23,0.01,10.12,0.01
XM_015585830.1,0.01,0.01,0.01,4.25,0.01,0.01,0.01,0.01,0.01
XM_015585834.1,0.01,0.01,0.01,0.01,0.01,5.56,0.01,1.5,0.01
XM_015585840.1,0.01,0.01,0.01,9.49,0.01,0.65,0.01,0.01,0.01
XM_015585841.1,0.01,0.01,0.01,10.25,0.01,1.2,0.01,0.01,0.01
XM_015585843.1,0.01,0.01,0.01,1.8,0.01,0.01,0.01,2.63,0.01
XM_015585847.1,0.01,0.01,0.01,1.06,0.01,3.22,0.01,2.21,0.01
XM_015585851.1,0.01,0.01,0.01,0.01,0.01,0.01,0.01,0.01,0.01
XM_015585852.1,0.01,0.01,0.01,5.15,0.01,2.13,0.01,5.39,0.01
XM_015585927.1,0.01,0.01,0.01,4.15,0.01,2.92,5.94,0.01,0.01
XM_015590339.1,0.01,0.01,0.01,14.7,0.01,0.01,3.64,0.01,0.01
XM_015591359.1,0.01,0.01,0.01,11.13,0.01,0.01,0.01,0.01,0.01
XM_015598734.1,0.01,0.01,0.01,2.44,0.01,3.69,0.01,0.01,0.01
XM_015600332.1,0.01,0.01,0.01,1.15,0.01,3.68,1.46,0.01,0.01
XR_001516446.1,0.01,0.01,0.01,6.61,0.01,0.01,0.01,4.52,0.01
XR_001516449.1,0.01,0.01,0.01,1.2,0.01,1.85,0.01,0.01,0.01
XR_001516450.1,0.01,0.01,0.01,1.48,10.8,0.01,0.01,0.43,2.27
XR_001516451.1,0.01,0.01,0.01,0.01,2.02,2.18,2.31,0.01,3.78
XR_001516452.1,0.01,0.01,0.01,5.14,0.01,0.01,6.08,3.3,4.31
XR_001516453.1,0.01,0.01,0.01,0.01,2.67,0.91,2.05,4.12,1.55
XR_001516459.1,0.01,0.01,0.01,0.01,2.06,0.01,0.01,0.01,0.01
XR_001516461.1,0.01,0.01,0.01,4.23,0.01,2.6,0.01,0.01,0.01
XR_001516467.1,0.01,0.01,0.01,16.51,0.01,0.01,0.01,1.54,0.01
XR_001516468.1,0.01,0.01,0.01,8.78,0.01,10.1,0.01,1.78,0.01
XR_001516484.1,0.01,0.01,0.01,3.98,0.01,0.01,0.92,0.01,0.01
XR_001518000.1,0.01,0.01,0.01,1.57,0.01,2.45,0.01,0.01,0.01
XM_006903859.2,0.01,0.01,0.01,0.01,6.28,0.01,0.01,0.01,0.01
XM_006903861.2,0.01,0.01,0.01,0.01,27.23,0.01,0.01,0.01,0.01
XM_006903881.1,0.01,0.01,0.01,0.01,2.6,0.48,0.01,0.01,0.77
XM_006904041.2,0.01,0.01,0.01,0.01,0.01,0.01,0.01,0.01,2.52
XM_006904048.2,0.01,0.01,0.01,0.01,7.7,0.01,0.01,0.01,0.01
XM_006904125.2,0.01,0.01,0.01,0.01,38.48,0.01,0.01,17.93,0.01
XM_006906808.2,0.01,0.01,0.01,0.01,8.08,0.01,0.01,0.01,13.05
XM_006906826.2,0.01,0.01,0.01,0.01,0.01,0.01,0.01,0.01,1.7
XM_006906840.2,0.01,0.01,0.01,0.01,0.01,0.01,0.01,0.01,0.01
XM_006906854.2,0.01,0.01,0.01,0.01,7.63,0.01,0.01,0.01,0.01
XM_006906965.2,0.01,0.01,0.01,0.01,0.63,0.01,0.01,0.01,0.01
XM_006906968.2,0.01,0.01,0.01,0.01,11.79,0.01,16.57,0.01,0.01
XM_006907017.2,0.01,0.01,0.01,0.01,8.85,0.01,0.01,0.01,0.01
XM_006907018.2,0.01,0.01,0.01,0.01,1.13,0.01,0.01,0.01,0.01
XM_006907027.2,0.01,0.01,0.01,0.01,11.63,0.01,0.01,0.01,0.01
XM_006907075.2,0.01,0.01,0.01,0.01,11.93,0.01,0.01,0.01,0.01
XM_006915775.2,0.01,0.01,0.01,0.01,3.17,0.01,0.01,29.54,0.01
XM_015585476.1,0.01,0.01,0.01,0.01,0.93,0.01,0.01,0.01,0.01
XM_015585484.1,0.01,0.01,0.01,0.01,18.61,0.01,0.01,0.01,3.93
XM_015585490.1,0.01,0.01,0.01,0.01,5.2,0.01,0.01,0.01,0.01
XM_015585494.1,0.01,0.01,0.01,0.01,1.69,0.01,0.01,0.01,1.26
XM_015585514.1,0.01,0.01,0.01,0.01,6.57,0.01,0.01,0.01,0.01
XM_015585525.1,0.01,0.01,0.01,0.01,10.97,0.01,0.01,0.01,0.01
XM_015585529.1,0.01,0.01,0.01,0.01,4.29,0.01,0.01,0.01,8.71
XM_015585579.1,0.01,0.01,0.01,0.01,0.01,0.01,0.01,0.01,0.01
XM_015585599.1,0.01,0.01,0.01,0.01,4.3,0.01,0.01,0.01,0.01
XM_015585614.1,0.01,0.01,0.01,0.01,0.61,0.01,0.01,0.01,1.49
XM_015585660.1,0.01,0.01,0.01,0.01,3.66,0.01,0.01,5.92,0.01
XM_015585671.1,0.01,0.01,0.01,0.01,15.1,0.01,0.01,17.54,2.44
XM_015585713.1,0.01,0.01,0.01,0.01,5.94,0.01,5.83,9.35,5.39
XM_015600074.1,0.01,0.01,0.01,0.01,1.19,0.01,3.81,0.01,0.01
XM_015600239.1,0.01,0.01,0.01,0.01,5.46,0.01,0.01,0.01,3.98
XM_015600646.1,0.01,0.01,0.01,0.01,9.13,0.01,0.01,0.01,0.01
XR_001516448.1,0.01,0.01,0.01,0.01,1.4,0.01,0.01,5.83,0.01
XR_001516457.1,0.01,0.01,0.01,0.01,1.7,0.93,0.01,0.01,0.01
XM_006903862.2,0.01,0.01,0.01,0.01,0.01,13.87,0.01,0.01,10.82
XM_006907136.2,0.01,0.01,0.01,0.01,0.01,817.36,0.01,935.13,0.01
XM_006907141.2,0.01,0.01,0.01,0.01,0.01,1.44,6.74,0.01,0.01
XM_006907172.2,0.01,0.01,0.01,0.01,0.01,6.35,0.01,8.81,0.01
XM_006907189.2,0.01,0.01,0.01,0.01,0.01,14.01,0.01,0.16,0.01
XM_006907226.2,0.01,0.01,0.01,0.01,0.01,4.72,0.01,0.01,0.01
XM_006907230.2,0.01,0.01,0.01,0.01,0.01,42.41,0.01,0.01,0.01
XM_006907235.2,0.01,0.01,0.01,0.01,0.01,19.52,0.01,0.01,0.01
XM_006907236.2,0.01,0.01,0.01,0.01,0.01,4.81,0.01,0.01,0.01
XM_006907250.2,0.01,0.01,0.01,0.01,0.01,23.5,0.01,1.64,0.01
XM_006907254.2,0.01,0.01,0.01,0.01,0.01,0.01,0.01,0.18,0.01
XM_006907257.2,0.01,0.01,0.01,0.01,0.01,1.28,0.01,0.01,0.01
XM_006907262.2,0.01,0.01,0.01,0.01,0.01,7.13,0.01,0.01,0.01
XM_006907265.2,0.01,0.01,0.01,0.01,0.01,5.1,0.01,0.01,0.01
XM_006907269.2,0.01,0.01,0.01,0.01,0.01,9.43,0.01,0.01,0.01
XM_006907272.1,0.01,0.01,0.01,0.01,0.01,30.4,0.01,0.01,0.01
XM_006907294.2,0.01,0.01,0.01,0.01,0.01,2.89,0.01,0.01,0.01
XM_006907301.2,0.01,0.01,0.01,0.01,0.01,15.88,0.01,16.17,0.01
XM_006907302.2,0.01,0.01,0.01,0.01,0.01,11.69,0.01,0.01,0.01
XM_006907303.2,0.01,0.01,0.01,0.01,0.01,4.23,0.01,0.01,0.01
XM_006907304.2,0.01,0.01,0.01,0.01,0.01,60.09,0.01,0.01,0.01
XM_006907308.2,0.01,0.01,0.01,0.01,0.01,4.98,0.01,0.01,0.01
XM_006907312.2,0.01,0.01,0.01,0.01,0.01,23.22,0.01,0.01,0.01
XM_006907317.2,0.01,0.01,0.01,0.01,0.01,30.84,0.01,0.01,0.01
XM_006907319.2,0.01,0.01,0.01,0.01,0.01,12.22,0.01,0.01,0.01
XM_006907321.2,0.01,0.01,0.01,0.01,0.01,8.45,0.01,0.01,0.01
XM_006907322.2,0.01,0.01,0.01,0.01,0.01,0.01,0.01,0.01,0.01
XM_006907325.2,0.01,0.01,0.01,0.01,0.01,8.78,0.01,0.01,0.01
XM_006907330.1,0.01,0.01,0.01,0.01,0.01,0.01,0.01,0.01,0.01
XM_006907335.2,0.01,0.01,0.01,0.01,0.01,2.39,0.01,0.01,0.01
XM_006907336.2,0.01,0.01,0.01,0.01,0.01,0.01,0.01,0.01,0.01
XM_006907351.2,0.01,0.01,0.01,0.01,0.01,1.3,0.01,0.01,0.01
XM_006907357.2,0.01,0.01,0.01,0.01,0.01,1068.68,0.01,0.01,0.01
XM_006907358.2,0.01,0.01,0.01,0.01,0.01,1.58,0.01,0.01,0.01
XM_006907363.2,0.01,0.01,0.01,0.01,0.01,0.01,0.01,0.01,0.01
XM_006907364.2,0.01,0.01,0.01,0.01,0.01,28.87,0.01,0.01,0.01
XM_006907372.2,0.01,0.01,0.01,0.01,0.01,2.38,0.01,0.01,0.01
XM_006907375.2,0.01,0.01,0.01,0.01,0.01,5.45,0.01,0.01,0.01
XM_006907376.2,0.01,0.01,0.01,0.01,0.01,12.77,0.01,0.01,0.01
XM_006907377.2,0.01,0.01,0.01,0.01,0.01,12.46,0.01,0.01,0.01
XM_006907378.2,0.01,0.01,0.01,0.01,0.01,11.82,0.01,0.01,0.01
XM_006907383.2,0.01,0.01,0.01,0.01,0.01,32.25,0.01,0.01,0.01
XM_006907385.1,0.01,0.01,0.01,0.01,0.01,13.52,0.01,0.01,0.01
XM_006907386.1,0.01,0.01,0.01,0.01,0.01,0.01,0.01,0.01,0.01
XM_006907389.2,0.01,0.01,0.01,0.01,0.01,11.67,0.01,0.01,0.01
XM_006907390.2,0.01,0.01,0.01,0.01,0.01,7.99,0.01,0.01,0.01
XM_006907407.2,0.01,0.01,0.01,0.01,0.01,2.5,0.01,0.01,0.01
XM_006907409.2,0.01,0.01,0.01,0.01,0.01,3.27,0.01,0.01,0.01
XM_006907411.2,0.01,0.01,0.01,0.01,0.01,1.2,0.01,0.01,0.01
XM_006907413.2,0.01,0.01,0.01,0.01,0.01,39.5,0.01,0.01,0.01
XM_006907415.2,0.01,0.01,0.01,0.01,0.01,11.76,0.01,0.01,0.01
XM_006907416.2,0.01,0.01,0.01,0.01,0.01,22.72,0.01,0.01,0.01
XM_006907417.2,0.01,0.01,0.01,0.01,0.01,0.45,0.01,0.01,0.01
XM_006907420.2,0.01,0.01,0.01,0.01,0.01,2.82,0.01,0.01,0.01
XM_006907429.2,0.01,0.01,0.01,0.01,0.01,5.43,0.01,0.01,0.01
XM_006907439.2,0.01,0.01,0.01,0.01,0.01,19.88,0.01,0.01,0.01
XM_015585530.1,0.01,0.01,0.01,0.01,0.01,10.21,0.01,0.01,0.01
XM_015585741.1,0.01,0.01,0.01,0.01,0.01,3.9,0.01,1.76,0.01
XM_015585749.1,0.01,0.01,0.01,0.01,0.01,3.73,0.01,4.58,0.01
XM_015585763.1,0.01,0.01,0.01,0.01,0.01,6.85,0.01,0.01,0.01
XM_015585771.1,0.01,0.01,0.01,0.01,0.01,0.01,0.01,0.01,0.01
XM_015585784.1,0.01,0.01,0.01,0.01,0.01,4.79,0.01,0.01,0.01
XM_015585793.1,0.01,0.01,0.01,0.01,0.01,3.41,0.01,5.8,0.01
XM_015585799.1,0.01,0.01,0.01,0.01,0.01,0.01,0.01,0.01,0.01
XM_015585800.1,0.01,0.01,0.01,0.01,0.01,4.14,0.01,0.01,0.01
XM_015585809.1,0.01,0.01,0.01,0.01,0.01,3.85,0.01,0.01,0.01
XM_015585814.1,0.01,0.01,0.01,0.01,0.01,3.75,0.01,0.01,0.01
XM_015585822.1,0.01,0.01,0.01,0.01,0.01,3.22,0.01,0.01,0.01
XM_015585824.1,0.01,0.01,0.01,0.01,0.01,0.76,0.01,0.01,0.01
XM_015585827.1,0.01,0.01,0.01,0.01,0.01,11.62,0.01,0.01,0.01
XM_015585837.1,0.01,0.01,0.01,0.01,0.01,1.85,0.01,0.01,0.01
XM_015585845.1,0.01,0.01,0.01,0.01,0.01,0.01,0.01,0.01,0.01
XM_015585846.1,0.01,0.01,0.01,0.01,0.01,0.01,0.01,0.01,0.01
XM_015585855.1,0.01,0.01,0.01,0.01,0.01,0.01,0.01,0.01,0.01
XM_015585856.1,0.01,0.01,0.01,0.01,0.01,5.36,0.01,0.01,0.01
XM_015585863.1,0.01,0.01,0.01,0.01,0.01,7.83,0.01,0.01,0.01
XM_015585865.1,0.01,0.01,0.01,0.01,0.01,20.06,0.01,0.01,0.01
XM_015585867.1,0.01,0.01,0.01,0.01,0.01,3.0,0.01,0.01,0.01
XM_015585872.1,0.01,0.01,0.01,0.01,0.01,1.07,0.01,0.01,0.01
XM_015585874.1,0.01,0.01,0.01,0.01,0.01,2.95,0.01,0.01,0.01
XM_015585884.1,0.01,0.01,0.01,0.01,0.01,14.51,0.01,0.01,0.01
XM_015585885.1,0.01,0.01,0.01,0.01,0.01,13.09,0.01,0.01,0.01
XM_015585895.1,0.01,0.01,0.01,0.01,0.01,17.46,0.01,0.01,0.01
XM_015585896.1,0.01,0.01,0.01,0.01,0.01,0.01,0.01,0.01,0.01
XM_015585901.1,0.01,0.01,0.01,0.01,0.01,4.44,0.01,0.01,0.01
XM_015585912.1,0.01,0.01,0.01,0.01,0.01,0.01,0.01,0.01,0.01
XM_015585916.1,0.01,0.01,0.01,0.01,0.01,14.53,0.01,0.01,0.01
XM_015585917.1,0.01,0.01,0.01,0.01,0.01,13.13,0.01,0.01,0.01
XM_015585919.1,0.01,0.01,0.01,0.01,0.01,1.61,0.01,0.01,0.01
XM_015585920.1,0.01,0.01,0.01,0.01,0.01,1.81,1.55,0.01,0.01
XM_015585930.1,0.01,0.01,0.01,0.01,0.01,3.75,0.01,0.01,0.01
XM_015585931.1,0.01,0.01,0.01,0.01,0.01,0.01,0.01,0.01,0.01
XM_015585938.1,0.01,0.01,0.01,0.01,0.01,10.53,0.01,0.01,0.01
XM_015585939.1,0.01,0.01,0.01,0.01,0.01,2.49,0.01,0.01,0.01
XM_015586082.1,0.01,0.01,0.01,0.01,0.01,3.51,0.01,0.01,0.01
XM_015586116.1,0.01,0.01,0.01,0.01,0.01,1.55,0.01,0.01,0.01
XM_015587804.1,0.01,0.01,0.01,0.01,0.01,2.34,0.01,0.01,2.96
XR_001516458.1,0.01,0.01,0.01,0.01,0.01,1.18,0.01,0.83,0.01
XM_006906892.2,0.01,0.01,0.01,0.01,0.01,0.01,0.01,0.01,64.49
XM_006906980.2,0.01,0.01,0.01,0.01,0.01,0.01,19.27,0.01,0.01
XM_006907023.2,0.01,0.01,0.01,0.01,0.01,0.01,28.56,0.01,0.01
XM_006907063.2,0.01,0.01,0.01,0.01,0.01,0.01,15.18,13.94,0.01
XM_006907160.2,0.01,0.01,0.01,0.01,0.01,0.01,2.47,0.01,0.01
XM_015585594.1,0.01,0.01,0.01,0.01,0.01,0.01,0.01,0.01,0.01
XM_015585639.1,0.01,0.01,0.01,0.01,0.01,0.01,2.18,0.01,0.01
XM_015586208.1,0.01,0.01,0.01,0.01,0.01,0.01,4.82,0.01,0.01
XM_015587458.1,0.01,0.01,0.01,0.01,0.01,0.01,4.47,0.01,0.01
XM_015598710.1,0.01,0.01,0.01,0.01,0.01,0.01,5.05,0.01,0.01
XM_015600425.1,0.01,0.01,0.01,0.01,0.01,0.01,1499.17,952.32,0.01
XR_001516425.1,0.01,0.01,0.01,0.01,0.01,0.01,5.31,0.01,0.01
XM_006904111.2,0.01,0.01,0.01,0.01,0.01,0.01,0.01,0.01,31.22
XM_006904115.2,0.01,0.01,0.01,0.01,0.01,0.01,0.01,26.43,0.01
XM_006904138.2,0.01,0.01,0.01,0.01,0.01,0.01,0.01,46.77,0.01
XM_006904139.2,0.01,0.01,0.01,0.01,0.01,0.01,0.01,0.01,0.01
XM_006904150.2,0.01,0.01,0.01,0.01,0.01,0.01,0.01,39.73,0.01
XM_006904155.2,0.01,0.01,0.01,0.01,0.01,0.01,0.01,14.28,6.43
XM_006904231.2,0.01,0.01,0.01,0.01,0.01,0.01,0.01,3.24,0.01
XM_006904237.2,0.01,0.01,0.01,0.01,0.01,0.01,0.01,8.21,0.01
XM_006907088.2,0.01,0.01,0.01,0.01,0.01,0.01,0.01,1.4,0.01
XM_006907122.2,0.01,0.01,0.01,0.01,0.01,0.01,0.01,16.21,0.01
XM_006907213.1,0.01,0.01,0.01,0.01,0.01,0.01,0.01,3.65,0.01
XM_015585183.1,0.01,0.01,0.01,0.01,0.01,0.01,0.01,8.32,0.01
XM_015585203.1,0.01,0.01,0.01,0.01,0.01,0.01,0.01,5.49,0.01
XM_015585215.1,0.01,0.01,0.01,0.01,0.01,0.01,0.01,2.48,0.01
XM_015585569.1,0.01,0.01,0.01,0.01,0.01,0.01,0.01,1.1,0.01
XM_015585611.1,0.01,0.01,0.01,0.01,0.01,0.01,0.01,2.93,0.01
XM_015585615.1,0.01,0.01,0.01,0.01,0.01,0.01,0.01,6.5,0.01
XM_015585618.1,0.01,0.01,0.01,0.01,0.01,0.01,0.01,5.05,0.01
XM_015585624.1,0.01,0.01,0.01,0.01,0.01,0.01,0.01,0.49,0.01
XM_015585625.1,0.01,0.01,0.01,0.01,0.01,0.01,0.01,2.98,0.01
XM_015585672.1,0.01,0.01,0.01,0.01,0.01,0.01,0.01,14.15,0.01
XM_015585680.1,0.01,0.01,0.01,0.01,0.01,0.01,0.01,7.07,0.01
XM_015585683.1,0.01,0.01,0.01,0.01,0.01,0.01,0.01,0.01,12.07
XM_015585687.1,0.01,0.01,0.01,0.01,0.01,0.01,0.01,7.63,0.01
XM_015585699.1,0.01,0.01,0.01,0.01,0.01,0.01,0.01,0.01,0.01
XM_015585724.1,0.01,0.01,0.01,0.01,0.01,0.01,0.01,8.34,0.01
XM_015585775.1,0.01,0.01,0.01,0.01,0.01,0.01,0.01,3.38,0.01
XM_015585795.1,0.01,0.01,0.01,0.01,0.01,0.01,0.01,2.98,0.01
XM_015585831.1,0.01,0.01,0.01,0.01,0.01,0.01,0.01,2.91,0.01
XM_015585832.1,0.01,0.01,0.01,0.01,0.01,0.01,0.01,4.94,0.01
XM_015585835.1,0.01,0.01,0.01,0.01,0.01,0.01,0.01,2.15,0.01
XM_015585838.1,0.01,0.01,0.01,0.01,0.01,0.01,0.01,0.01,0.01
XM_015585842.1,0.01,0.01,0.01,0.01,0.01,0.01,0.01,3.18,0.01
XM_015585844.1,0.01,0.01,0.01,0.01,0.01,0.01,0.01,1.19,0.01
XM_015585883.1,0.01,0.01,0.01,0.01,0.01,0.01,0.01,4.96,0.01
XM_015585989.1,0.01,0.01,0.01,0.01,0.01,0.01,0.01,5.91,0.01
XM_015585998.1,0.01,0.01,0.01,0.01,0.01,0.01,0.01,0.01,11.23
XM_015586031.1,0.01,0.01,0.01,0.01,0.01,0.01,0.01,3.79,0.01
XR_001516419.1,0.01,0.01,0.01,0.01,0.01,0.01,0.01,0.07,0.01
XM_006906908.2,0.01,0.01,0.01,0.01,0.01,0.01,0.01,0.01,4.65
XM_015585493.1,0.01,0.01,0.01,0.01,0.01,0.01,0.01,0.01,1.29
XM_015585495.1,0.01,0.01,0.01,0.01,0.01,0.01,0.01,0.01,3.4
XM_015585513.1,0.01,0.01,0.01,0.01,0.01,0.01,0.01,0.01,3.82
XM_015585535.1,0.01,0.01,0.01,0.01,0.01,0.01,0.01,0.01,1.27
XM_015585547.1,0.01,0.01,0.01,0.01,0.01,0.01,0.01,0.01,0.88
XM_015585554.1,0.01,0.01,0.01,0.01,0.01,0.01,0.01,0.01,3.48
XM_015585580.1,0.01,0.01,0.01,0.01,0.01,0.01,0.01,0.01,1.16
XM_015585603.1,0.01,0.01,0.01,0.01,0.01,0.01,0.01,0.01,4.83
XM_015585657.1,0.01,0.01,0.01,0.01,0.01,0.01,0.01,0.01,2.18
XM_015587863.1,0.01,0.01,0.01,0.01,0.01,0.01,0.01,0.01,9.77
XR_001516437.1,0.01,0.01,0.01,0.01,0.01,0.01,0.01,0.01,1.86
XR_001516456.1,0.01,0.01,0.01,0.01,0.01,0.01,0.01,0.01,0.01
XR_439093.2,0.01,0.01,0.01,0.01,0.01,0.01,0.01,0.01,0.01
